167,167,167,167,167,167,167,167,167,167,167,167,167,167,167,167,167,167,167,167,167,167,167,167,167,167,167,167,167,167,167,167,167,167,167,167,167,167,167,167,167,167,167,167,167,167,167,167,167,167
167,167,167,167,167,167,167,167,167,167,167,167,167,167,167,167,167,167,167,167,167,167,167,167,167,167,167,167,167,167,167,167,167,167,167,167,167,167,167,167,167,167,167,167,167,167,167,167,167,167
167,167,167,167,167,167,167,167,167,167,167,167,167,167,167,167,167,167,167,167,167,167,167,167,167,167,167,167,167,167,167,167,167,167,167,167,167,167,167,167,167,167,167,167,167,167,167,167,167,167
167,167,167,167,167,167,167,167,167,167,167,167,167,167,167,167,167,167,167,167,167,167,167,167,167,167,167,167,167,167,167,167,167,167,167,167,167,167,167,167,167,167,167,167,167,167,167,167,167,167
167,167,167,167,167,167,167,167,167,167,167,167,167,167,167,167,167,167,167,167,167,167,167,167,167,167,167,167,167,167,167,167,167,167,167,167,167,167,167,167,167,167,167,167,167,167,167,167,167,167
167,167,167,167,167,167,167,167,167,167,167,167,167,167,167,167,167,167,167,167,167,167,167,167,167,167,167,167,167,167,167,167,167,167,167,167,167,167,167,167,167,167,167,167,167,167,167,167,167,167
167,167,167,167,167,167,167,167,167,167,167,167,167,167,167,167,167,167,167,167,167,167,167,167,167,167,167,167,167,167,167,167,167,167,167,167,167,167,167,167,167,167,167,167,167,167,167,167,167,167
167,167,167,167,167,167,167,167,167,167,167,167,167,167,167,167,167,167,167,167,167,167,167,167,167,167,167,167,167,167,167,167,167,167,167,167,167,167,167,167,167,167,167,167,167,167,167,167,167,167
167,167,167,167,167,167,167,167,167,167,167,167,167,167,167,167,167,167,167,167,167,167,167,167,167,167,167,167,167,167,167,167,167,167,167,167,167,167,167,167,167,167,167,167,167,167,167,167,167,167
167,167,167,167,167,167,167,167,167,167,167,167,167,167,167,167,167,167,167,167,167,167,167,167,167,167,167,167,167,167,167,167,167,167,167,167,167,167,167,167,167,167,167,167,167,167,167,167,167,167
130,130,130,130,130,130,130,130,130,130,130,130,130,130,130,130,130,130,130,130,130,130,130,130,130,130,130,130,130,130,130,130,130,130,130,130,130,130,130,130,130,130,130,130,469,130,130,130,130,130
130,130,130,130,130,130,130,130,130,130,130,130,130,130,130,130,130,130,130,130,130,130,130,130,130,130,130,130,130,130,130,130,130,130,130,130,130,130,130,130,130,130,130,469,469,130,130,130,130,130
130,130,130,130,130,130,130,130,130,130,130,130,130,130,130,130,130,130,130,130,130,130,130,130,130,130,130,130,130,130,130,130,130,130,130,130,130,130,130,130,130,130,469,469,130,130,130,130,130,130
130,130,130,130,130,130,130,130,130,130,130,130,130,130,130,130,130,130,130,130,130,130,130,130,130,130,130,130,130,130,130,130,130,130,130,130,130,130,130,130,130,130,469,130,130,130,130,130,130,130
130,130,130,130,130,130,130,130,130,130,130,130,130,130,130,130,130,130,130,130,130,130,130,130,130,130,130,130,130,130,130,130,130,130,130,130,130,130,130,130,130,130,469,130,130,130,130,130,130,130
130,130,130,130,130,130,130,130,130,130,130,130,130,130,130,130,130,130,130,130,130,130,130,130,130,130,130,130,130,130,130,130,130,130,130,130,130,130,130,130,130,469,469,130,130,130,130,130,130,130
130,130,194,194,194,192,192,192,192,192,130,130,130,130,130,130,130,130,130,130,130,130,130,130,130,130,130,130,130,130,130,130,130,130,130,130,130,130,130,130,469,469,130,130,130,130,130,130,130,130
130,130,194,192,192,160,160,121,121,121,192,130,130,130,130,130,130,130,130,130,130,130,130,130,130,130,130,130,130,130,130,130,130,130,130,130,130,130,130,469,469,130,130,130,130,130,130,130,130,130
130,130,194,192,192,160,192,192,192,121,121,130,130,130,130,130,130,130,130,130,130,130,130,130,130,130,130,130,130,130,130,130,130,130,130,130,130,130,469,469,130,130,130,130,130,130,130,130,130,130
130,130,192,192,192,160,160,192,752,192,121,192,130,130,130,130,130,130,130,130,130,130,130,130,130,130,130,130,130,130,130,130,130,130,130,130,130,130,469,130,130,130,130,130,130,130,130,130,130,130
130,130,192,121,178,247,247,160,192,192,192,192,130,130,130,130,130,130,130,130,130,130,130,130,130,130,130,130,130,130,130,130,130,130,130,130,130,469,469,130,130,130,130,130,130,130,130,130,130,130
130,130,192,121,121,178,247,247,178,178,178,192,130,130,130,130,130,130,130,130,130,130,130,130,130,130,130,130,130,130,130,130,130,130,130,130,469,469,130,130,130,130,130,130,130,130,130,130,130,130
130,130,192,192,121,121,121,160,178,178,178,192,130,130,130,130,130,130,130,130,130,130,130,130,130,130,130,130,130,130,130,130,130,130,130,469,130,130,130,130,130,130,130,130,130,130,130,130,130,130
130,130,156,192,121,121,121,192,192,121,192,130,130,130,130,130,130,130,130,130,130,130,130,130,130,130,130,130,130,130,130,130,130,130,469,469,130,130,130,130,130,130,130,130,130,130,130,130,130,130
130,130,130,192,121,121,121,160,121,121,192,130,130,130,130,130,130,130,130,130,130,130,130,130,130,130,130,130,130,130,130,130,130,469,469,130,130,130,130,130,130,130,130,130,130,130,130,130,130,130
130,130,130,130,121,121,121,160,192,192,130,130,130,130,130,130,130,130,130,130,130,130,130,130,130,130,130,130,130,130,130,130,469,469,130,130,130,130,130,130,130,130,130,130,130,130,130,130,130,469
130,130,130,130,130,192,192,192,192,130,130,130,130,130,130,130,130,130,130,130,130,130,130,130,130,130,130,130,130,130,130,469,469,130,130,130,130,130,130,130,130,130,130,130,130,130,469,469,469,469
130,130,130,130,130,130,130,130,130,130,130,130,130,130,130,130,130,130,130,130,130,130,130,130,130,130,130,130,130,130,130,469,130,130,130,130,130,130,130,130,130,130,130,469,469,469,469,130,130,130
130,130,130,130,130,130,130,130,130,130,130,130,130,130,130,130,130,130,130,130,130,130,130,130,130,130,130,130,130,469,469,469,130,130,130,130,130,130,130,469,469,469,469,469,130,130,130,130,130,130
130,130,130,130,130,130,130,130,130,130,130,130,130,130,130,130,130,130,130,130,130,130,130,130,130,130,130,130,130,469,130,130,130,130,130,130,469,469,469,469,130,130,130,130,130,130,130,130,130,130
130,130,130,130,130,130,130,130,130,130,130,130,130,130,130,130,130,130,130,130,130,130,130,130,130,130,130,130,130,469,130,130,469,469,469,469,469,130,130,130,130,130,130,130,130,130,130,130,130,130
130,130,130,130,130,130,130,130,130,130,130,130,130,130,130,130,130,130,130,130,130,130,130,130,130,130,130,130,469,469,469,469,469,130,130,130,130,130,130,130,130,130,130,130,130,130,130,130,130,130
130,130,130,130,130,130,130,130,130,130,130,130,130,130,130,130,130,130,130,130,130,130,130,130,469,469,469,469,469,130,130,130,130,130,130,130,130,130,130,130,130,130,130,130,130,130,130,130,130,130
130,130,130,130,130,130,130,130,130,130,130,130,130,130,130,130,469,469,469,469,469,469,469,469,469,130,130,130,130,130,130,130,130,130,130,130,130,130,130,130,130,130,130,130,130,130,130,130,130,130
469,469,469,469,469,469,469,469,469,469,469,469,469,469,469,469,469,130,130,130,130,130,130,130,130,130,130,130,130,130,130,130,130,130,130,130,130,130,130,130,130,130,130,130,130,130,130,130,130,130
397,397,397,397,397,397,397,397,397,469,469,130,130,130,130,130,130,130,130,130,130,130,130,130,130,130,130,130,130,130,130,130,130,130,130,130,130,130,130,130,130,130,130,130,130,130,130,130,130,130
130,130,130,130,130,130,130,130,130,469,130,130,130,130,130,130,130,130,130,130,130,130,130,130,130,130,130,130,130,130,130,130,130,130,130,130,130,130,130,130,130,130,130,130,130,130,130,130,130,130
130,130,130,130,130,130,130,130,130,469,469,130,130,130,130,130,130,130,130,130,130,130,130,130,130,130,130,130,130,130,130,130,130,130,130,130,130,130,130,130,130,130,130,130,130,130,130,130,130,130
130,130,130,130,130,130,130,130,130,130,469,469,130,130,130,130,130,130,130,130,130,130,130,130,130,130,130,130,130,130,130,130,130,130,130,130,130,130,130,130,130,130,130,130,130,130,130,130,130,130
130,130,130,130,130,130,130,130,130,130,130,469,130,130,130,130,130,130,130,130,130,130,130,130,130,130,130,130,130,130,130,130,130,130,130,130,130,130,130,130,130,130,130,130,130,130,130,130,130,130
130,130,130,130,130,130,130,130,130,130,130,469,469,130,130,130,130,130,130,130,130,130,130,130,130,130,130,130,130,130,130,130,130,130,130,130,130,130,130,130,130,130,130,130,130,130,130,130,130,130
130,130,130,130,130,130,130,130,130,130,130,130,469,469,130,130,130,130,130,130,130,130,130,130,130,130,130,130,130,130,130,130,130,130,130,130,130,130,130,130,130,130,130,130,130,130,130,130,130,130
130,130,130,130,130,130,130,130,130,130,130,130,130,469,130,130,130,130,130,130,130,130,130,130,130,130,130,130,130,130,130,130,130,130,130,130,130,130,130,130,130,130,130,130,130,130,130,130,130,130
130,130,130,130,130,130,130,130,130,130,130,130,130,469,130,130,130,130,130,130,130,130,130,130,130,130,130,130,130,130,130,130,130,130,130,130,130,130,130,130,130,130,130,130,130,130,130,130,130,130
130,130,130,130,130,130,130,130,130,130,130,130,130,469,469,130,130,130,130,130,130,130,130,130,130,130,130,130,130,130,130,130,130,130,130,130,130,130,130,130,130,130,130,130,130,130,130,130,130,130
130,130,130,130,130,130,130,130,130,130,130,130,130,130,469,469,130,130,130,130,130,130,130,130,130,130,130,130,130,130,130,130,130,130,130,130,130,130,130,130,130,130,130,130,130,130,130,130,130,130
130,130,130,130,130,130,130,130,130,130,130,130,130,130,130,469,469,130,130,130,130,130,130,130,130,130,130,130,130,130,130,130,130,130,130,130,130,130,130,130,130,130,130,130,130,130,130,130,130,130
130,130,130,130,130,130,130,130,130,130,130,130,130,130,130,130,469,130,130,130,130,130,130,130,130,130,130,130,130,130,130,130,130,130,130,130,130,130,130,130,130,130,130,130,130,130,130,130,130,130
130,130,130,130,130,130,130,130,130,130,130,130,130,130,130,130,469,469,130,130,130,130,130,130,130,130,130,130,130,130,130,130,130,130,130,130,130,130,130,130,130,130,229,229,157,158,284,130,130,130
130,130,130,130,130,130,130,130,130,130,130,130,130,130,130,130,130,469,469,469,130,130,130,130,130,130,130,130,130,130,130,130,130,130,130,130,130,130,130,130,130,229,157,158,193,194,284,130,130,130
130,130,130,130,130,130,130,130,130,130,130,130,130,130,130,130,130,130,130,469,469,130,130,130,130,130,130,130,130,130,130,130,130,130,130,130,130,130,130,130,157,158,193,194,157,157,158,130,130,130
130,130,130,130,130,130,130,130,130,130,130,130,130,130,130,130,130,130,130,130,469,130,130,130,130,130,130,130,130,130,130,130,130,130,130,130,130,130,130,130,193,194,157,158,157,193,194,130,130,130
130,130,130,130,130,130,130,130,130,130,130,130,130,130,130,130,130,130,130,130,469,469,130,130,130,130,130,130,130,130,130,130,130,130,130,130,130,130,130,130,157,158,157,158,193,194,284,284,130,130
130,130,130,130,130,130,130,130,130,130,130,130,130,130,130,130,130,130,130,130,130,469,469,469,130,130,130,130,130,130,130,130,130,130,130,130,130,130,130,130,193,194,157,158,157,158,284,284,130,130
130,130,130,130,130,130,130,130,130,130,130,130,130,130,130,130,130,130,130,130,130,130,130,469,130,130,130,130,130,130,130,130,130,130,130,130,130,130,130,130,130,229,193,194,193,194,284,130,130,130
130,130,130,130,130,130,130,130,130,130,130,130,130,130,130,130,130,130,130,130,130,130,130,469,469,130,130,130,130,130,130,130,130,130,130,130,130,130,130,130,130,130,229,157,158,130,284,130,130,130
130,130,130,130,130,130,130,130,130,130,130,130,130,130,130,130,130,130,130,130,130,130,130,130,469,130,130,130,130,130,130,130,130,130,130,130,130,130,130,130,130,130,130,266,194,229,130,130,130,130
130,130,130,130,130,130,130,130,130,130,130,130,130,130,130,130,130,130,130,130,130,130,130,130,469,469,469,130,130,130,130,130,130,130,130,130,130,130,130,130,130,130,130,130,130,130,130,130,130,130
130,130,130,130,130,130,130,130,130,130,130,130,130,130,130,130,130,130,130,130,130,130,130,130,469,469,469,469,130,130,130,130,130,130,130,130,130,130,130,130,130,130,130,130,130,130,130,130,130,130
130,130,130,130,130,130,130,130,130,130,130,130,130,130,130,130,130,130,130,130,130,130,130,469,469,469,469,469,469,130,130,130,130,130,130,130,130,130,130,130,130,130,130,130,130,130,130,130,130,130
202,202,202,202,202,202,202,202,202,202,202,202,202,202,202,202,202,202,469,469,202,202,469,469,202,469,469,469,469,469,202,202,202,469,469,469,202,202,202,202,202,202,202,202,202,202,202,202,202,202
202,202,202,202,202,202,202,202,202,202,202,202,202,202,202,202,469,469,202,469,469,469,469,202,202,202,202,202,202,469,469,469,469,469,202,469,469,202,202,202,469,469,469,469,202,202,469,469,469,469
202,202,202,202,202,202,202,202,202,202,202,202,202,202,469,469,469,202,202,202,202,202,202,202,202,202,202,202,202,202,469,469,202,202,202,202,469,469,202,469,469,202,202,469,469,469,469,202,202,202
202,202,202,202,202,202,202,202,469,469,469,469,469,469,469,202,202,202,202,202,202,202,202,202,202,202,202,202,202,202,202,469,202,202,202,202,202,469,469,202,202,202,202,202,202,202,202,202,202,202
202,202,202,202,202,202,202,469,469,202,202,202,202,202,202,202,202,202,202,202,202,202,202,202,202,202,202,202,202,202,202,469,469,202,202,202,202,202,202,202,202,202,202,202,202,202,202,202,202,202
202,202,202,202,202,202,202,469,202,202,202,202,202,202,202,202,202,202,202,202,202,202,202,202,202,202,202,202,202,202,202,202,469,469,202,202,202,202,202,202,202,202,202,202,202,202,202,202,202,202
202,202,202,202,202,469,469,469,202,202,202,202,202,202,202,202,202,202,202,202,202,202,202,202,202,202,202,202,202,202,202,202,202,469,202,202,202,202,202,202,202,202,202,202,202,202,202,202,202,202
202,202,202,202,469,469,202,202,202,202,202,202,202,202,202,202,202,202,202,202,202,202,202,202,202,202,202,202,202,202,202,202,202,469,469,202,202,202,202,202,202,202,202,202,202,202,202,202,202,202
202,202,469,469,202,202,202,202,202,202,202,202,202,202,202,202,202,202,202,202,202,202,202,202,202,202,202,202,202,202,202,202,202,202,469,469,469,202,202,202,202,202,202,202,202,202,202,202,202,202
202,202,469,202,202,202,202,202,202,202,202,202,202,202,202,202,202,202,202,202,202,202,202,202,202,202,202,202,202,202,202,202,202,202,202,202,202,469,202,202,202,202,202,202,202,202,202,202,202,202
202,469,469,202,202,202,202,202,202,202,202,202,202,202,202,202,202,202,202,202,202,202,202,202,202,202,202,202,202,202,202,202,202,202,202,202,202,469,469,202,202,202,202,202,202,202,202,202,202,202
469,469,202,202,202,202,202,202,202,202,202,202,202,202,202,202,202,202,202,202,202,202,202,202,202,202,202,202,202,202,202,202,202,202,202,202,202,202,469,469,202,202,202,202,202,202,202,202,202,202
469,202,202,202,202,202,202,202,202,202,202,202,202,202,202,202,202,202,202,202,202,202,202,202,202,202,202,202,202,202,202,202,202,202,202,202,202,202,202,469,469,469,202,202,202,202,202,202,202,202
202,202,202,202,202,202,202,202,202,202,202,202,202,202,202,202,202,202,202,202,202,202,202,202,202,202,202,202,202,202,202,202,202,202,202,202,202,202,202,202,202,469,202,202,202,202,202,202,202,202
202,202,202,202,202,202,202,202,202,202,202,202,202,202,202,202,202,202,202,202,202,202,202,202,202,202,202,202,202,202,202,202,202,202,202,202,202,202,202,202,202,469,202,202,202,202,202,202,202,202
202,202,202,202,202,202,202,202,202,202,202,202,202,202,202,202,202,202,202,202,202,202,202,202,202,202,202,202,202,202,202,202,202,202,202,202,202,202,202,202,202,469,469,202,202,202,202,202,202,202
202,202,202,202,202,202,202,202,202,202,202,202,202,202,202,202,202,202,202,202,202,202,202,202,202,202,202,202,202,202,202,202,202,202,202,202,202,202,202,202,202,202,469,469,469,202,202,202,202,202
202,202,202,202,202,202,202,202,202,202,202,202,202,202,202,202,202,202,202,202,202,202,202,202,202,202,202,202,202,202,202,202,202,202,202,202,202,202,202,202,202,202,202,202,202,469,202,202,202,202
202,202,202,202,202,202,202,202,202,202,202,202,202,202,202,202,202,202,202,202,202,202,202,202,202,202,202,202,202,202,202,202,202,202,202,202,202,202,202,202,202,202,202,202,202,202,469,202,202,202
202,202,202,202,202,202,202,202,202,202,202,202,202,202,202,202,202,202,202,202,202,202,202,202,202,202,202,202,202,202,202,202,202,202,202,202,202,202,202,202,202,202,202,202,202,202,469,202,202,202
