-1,-1,-1,-1,-1,-1,-1,-1,-1,-1,-1,-1,-1,-1,-1,332,333,334,335,336,-1,-1,-1,-1,-1,-1,-1,-1,-1,-1,332,333,334,335,336,-1,440,441,442,443,444,-1,-1,-1,332,333,334,335,336,-1
-1,-1,-1,-1,563,564,-1,-1,-1,-1,-1,-1,-1,-1,-1,368,369,370,371,372,-1,-1,-1,-1,-1,-1,-1,-1,-1,-1,368,369,370,371,372,-1,476,477,478,479,480,-1,-1,-1,368,369,370,371,372,-1
-1,-1,-1,-1,599,600,-1,-1,563,564,-1,-1,-1,-1,-1,404,405,406,407,408,-1,-1,-1,-1,-1,-1,-1,-1,-1,-1,404,405,406,407,408,-1,512,513,514,515,516,-1,-1,-1,404,405,406,407,408,-1
-1,-1,563,564,-1,-1,-1,-1,599,600,-1,-1,-1,-1,-1,440,441,442,443,444,-1,-1,-1,-1,-1,-1,-1,-1,-1,-1,440,441,442,443,444,-1,-1,-1,-1,332,333,334,335,336,440,441,442,443,444,-1
-1,-1,599,600,-1,-1,-1,-1,-1,-1,-1,-1,-1,-1,-1,476,477,478,479,480,-1,-1,-1,-1,-1,-1,-1,-1,-1,-1,476,477,478,479,480,-1,-1,-1,-1,368,369,370,371,372,476,477,478,479,480,-1
-1,-1,-1,-1,-1,563,564,-1,-1,-1,-1,-1,-1,332,333,334,335,336,515,516,-1,-1,-1,-1,-1,-1,-1,-1,-1,-1,512,513,514,515,516,334,335,336,-1,404,405,406,407,408,512,513,514,515,516,-1
-1,-1,-1,-1,-1,599,600,-1,-1,-1,563,564,-1,368,369,370,371,372,-1,-1,-1,-1,-1,-1,-1,-1,-1,-1,-1,-1,-1,-1,-1,368,369,370,371,372,-1,440,441,442,443,444,-1,-1,-1,-1,-1,-1
-1,-1,563,564,-1,-1,-1,-1,-1,-1,599,600,-1,404,405,406,407,408,-1,-1,-1,-1,-1,-1,-1,-1,-1,-1,-1,-1,-1,-1,-1,404,405,406,407,408,-1,476,477,478,479,480,-1,-1,-1,-1,-1,-1
-1,-1,599,600,-1,-1,-1,-1,-1,-1,-1,-1,-1,440,441,442,443,444,-1,-1,-1,-1,-1,-1,-1,-1,-1,-1,-1,-1,-1,-1,-1,440,441,442,443,444,-1,512,513,514,515,516,-1,-1,-1,-1,-1,-1
-1,-1,-1,-1,-1,-1,-1,-1,563,564,-1,-1,-1,476,477,478,479,480,-1,-1,-1,-1,-1,-1,-1,-1,-1,-1,-1,-1,-1,-1,-1,476,477,478,479,480,-1,-1,-1,-1,-1,-1,-1,-1,-1,563,564,-1
-1,-1,-1,-1,-1,-1,-1,-1,599,600,-1,-1,-1,512,513,514,515,516,-1,-1,-1,-1,-1,-1,-1,-1,-1,-1,-1,-1,-1,-1,-1,512,513,514,515,516,341,342,343,344,-1,-1,-1,-1,-1,599,600,-1
-1,-1,-1,-1,-1,-1,-1,-1,-1,-1,-1,-1,-1,-1,332,333,334,335,336,-1,-1,-1,-1,-1,-1,-1,-1,-1,-1,-1,-1,332,333,334,335,336,-1,-1,377,378,379,380,-1,-1,-1,-1,-1,-1,-1,-1
-1,-1,-1,-1,-1,-1,-1,-1,-1,-1,-1,-1,-1,-1,368,369,370,371,372,-1,-1,-1,-1,-1,-1,-1,-1,-1,-1,-1,-1,368,369,370,371,372,-1,-1,413,414,415,416,-1,-1,563,564,-1,-1,-1,-1
-1,-1,-1,-1,-1,-1,-1,-1,-1,-1,-1,-1,-1,-1,404,405,406,407,408,-1,-1,-1,-1,-1,-1,-1,-1,-1,-1,-1,-1,404,405,406,407,408,-1,-1,449,450,451,452,-1,-1,599,600,-1,-1,-1,-1
-1,-1,-1,-1,-1,-1,-1,-1,-1,-1,-1,-1,-1,-1,440,441,442,443,444,-1,-1,-1,-1,-1,-1,-1,-1,-1,-1,-1,-1,440,441,442,443,444,-1,-1,485,486,487,488,-1,-1,-1,-1,-1,563,564,-1
-1,-1,-1,-1,-1,-1,-1,-1,-1,-1,-1,-1,-1,-1,476,477,478,479,480,-1,-1,-1,-1,-1,-1,-1,-1,-1,-1,-1,-1,476,477,478,479,480,-1,-1,521,522,523,524,-1,-1,-1,-1,-1,599,600,-1
-1,-1,-1,-1,-1,-1,-1,-1,-1,-1,-1,-1,-1,-1,512,513,514,515,516,-1,-1,-1,-1,-1,-1,-1,-1,-1,-1,-1,-1,512,513,514,515,516,-1,-1,-1,-1,-1,-1,-1,332,333,334,335,336,-1,-1
-1,-1,-1,-1,-1,-1,-1,-1,-1,-1,-1,-1,-1,332,333,334,335,336,-1,-1,-1,-1,-1,-1,-1,-1,-1,-1,-1,-1,-1,-1,-1,-1,-1,-1,-1,-1,-1,-1,-1,-1,-1,368,369,370,371,372,-1,-1
-1,-1,-1,-1,-1,-1,-1,-1,-1,-1,-1,-1,-1,368,369,370,371,372,-1,-1,-1,-1,-1,-1,-1,-1,-1,-1,-1,-1,-1,-1,-1,-1,-1,-1,-1,-1,-1,-1,-1,-1,-1,404,405,406,407,408,-1,-1
-1,-1,-1,-1,-1,-1,-1,-1,-1,-1,-1,-1,-1,404,405,406,407,408,-1,-1,-1,-1,-1,-1,-1,-1,-1,-1,-1,-1,-1,-1,-1,-1,-1,-1,-1,-1,-1,-1,-1,563,564,440,441,442,443,444,-1,-1
-1,-1,-1,-1,-1,-1,-1,-1,-1,-1,-1,-1,-1,440,441,442,443,444,-1,-1,-1,-1,-1,-1,-1,-1,-1,-1,-1,-1,-1,-1,-1,-1,-1,-1,-1,-1,332,333,334,599,600,476,477,478,479,480,-1,-1
-1,-1,-1,-1,-1,-1,-1,-1,-1,-1,-1,-1,-1,476,477,478,479,480,-1,-1,-1,-1,-1,-1,-1,-1,-1,-1,-1,-1,-1,-1,-1,-1,-1,-1,-1,-1,368,369,370,371,372,512,513,514,515,516,-1,-1
-1,-1,-1,-1,-1,-1,-1,-1,-1,-1,-1,-1,-1,512,513,514,515,516,-1,-1,-1,-1,-1,-1,-1,-1,-1,-1,-1,-1,-1,-1,-1,-1,-1,-1,-1,-1,404,405,406,407,408,-1,-1,-1,563,564,-1,-1
-1,-1,-1,-1,-1,-1,-1,-1,-1,-1,-1,-1,-1,-1,-1,-1,-1,-1,-1,-1,-1,-1,-1,-1,-1,-1,-1,-1,-1,-1,-1,-1,-1,-1,-1,-1,-1,-1,440,441,442,443,444,-1,-1,-1,599,600,-1,-1
-1,-1,-1,-1,-1,-1,-1,-1,-1,-1,-1,-1,-1,-1,-1,-1,-1,-1,-1,-1,-1,-1,-1,-1,-1,-1,-1,-1,-1,-1,-1,-1,-1,-1,-1,-1,-1,-1,476,477,478,479,480,-1,-1,-1,-1,-1,432,433
-1,-1,-1,-1,-1,-1,-1,-1,-1,-1,-1,-1,332,333,334,335,336,-1,-1,-1,-1,-1,-1,-1,-1,-1,-1,-1,-1,-1,-1,-1,-1,-1,-1,-1,-1,-1,512,513,514,515,516,-1,-1,432,433,433,469,-1
-1,-1,-1,-1,-1,-1,-1,-1,-1,-1,-1,-1,368,369,370,371,372,-1,-1,-1,-1,-1,-1,-1,-1,-1,-1,-1,-1,-1,-1,-1,-1,-1,-1,-1,-1,-1,-1,-1,-1,-1,432,433,433,469,-1,-1,-1,-1
-1,-1,-1,332,333,334,335,336,-1,-1,-1,-1,404,405,406,407,408,-1,-1,-1,-1,-1,-1,-1,-1,-1,-1,-1,-1,-1,-1,-1,-1,-1,-1,-1,-1,-1,432,433,433,433,469,-1,-1,-1,-1,469,505,505
-1,-1,-1,368,369,370,371,372,-1,-1,-1,-1,440,441,442,443,444,-1,-1,-1,-1,-1,-1,-1,-1,-1,-1,-1,-1,-1,-1,-1,-1,-1,-1,432,433,433,469,-1,-1,-1,-1,-1,505,505,505,506,-1,-1
-1,-1,-1,404,405,406,407,408,-1,-1,-1,-1,476,477,478,479,480,-1,-1,-1,-1,-1,-1,-1,-1,-1,-1,-1,-1,-1,-1,-1,-1,433,433,469,-1,-1,-1,-1,505,505,505,505,-1,-1,-1,-1,-1,-1
-1,-1,-1,440,441,442,443,444,-1,-1,-1,-1,512,513,514,515,516,-1,-1,-1,-1,-1,-1,-1,-1,-1,-1,-1,-1,-1,-1,-1,-1,-1,-1,-1,-1,505,505,505,-1,-1,-1,-1,-1,-1,-1,-1,-1,-1
-1,-1,-1,476,477,478,479,480,-1,-1,-1,-1,-1,-1,-1,-1,-1,-1,-1,-1,-1,-1,-1,-1,-1,-1,-1,-1,-1,-1,-1,-1,-1,505,505,505,505,-1,-1,-1,-1,-1,-1,-1,-1,-1,-1,-1,-1,-1
-1,-1,-1,512,513,514,515,516,-1,-1,-1,-1,-1,-1,-1,-1,-1,-1,-1,-1,341,342,343,344,341,342,343,344,-1,-1,-1,-1,-1,-1,-1,-1,-1,-1,-1,-1,-1,-1,-1,-1,-1,-1,-1,-1,-1,-1
433,433,433,433,433,433,433,433,-1,433,433,433,433,433,433,433,-1,-1,-1,-1,377,378,379,380,377,378,379,380,-1,-1,-1,-1,-1,-1,-1,-1,-1,-1,-1,-1,-1,-1,-1,-1,-1,-1,-1,-1,-1,-1
-1,-1,-1,-1,-1,-1,-1,-1,-1,-1,-1,-1,-1,-1,-1,-1,-1,-1,-1,-1,413,414,415,416,413,414,415,416,-1,-1,341,342,343,344,-1,-1,-1,-1,-1,-1,-1,-1,-1,-1,-1,-1,-1,-1,-1,-1
505,505,505,505,505,505,505,505,505,343,505,505,505,505,505,505,505,505,505,505,449,450,451,452,449,450,451,452,-1,-1,377,378,379,380,-1,-1,-1,-1,-1,563,564,-1,-1,-1,-1,-1,-1,-1,-1,-1
-1,-1,-1,-1,-1,-1,-1,377,378,379,380,-1,-1,-1,-1,-1,368,369,370,371,485,486,487,488,485,486,487,488,-1,-1,413,414,415,416,-1,-1,-1,-1,-1,599,600,-1,-1,-1,-1,-1,-1,-1,-1,-1
-1,-1,-1,-1,-1,-1,-1,413,414,415,416,-1,-1,-1,-1,-1,404,405,406,407,521,522,523,524,521,522,523,524,-1,-1,449,450,451,452,-1,-1,-1,-1,-1,-1,-1,-1,-1,-1,-1,-1,-1,-1,-1,-1
-1,-1,-1,-1,-1,-1,-1,449,450,451,452,-1,-1,-1,-1,-1,440,441,442,443,444,-1,-1,-1,-1,-1,-1,-1,-1,-1,485,486,487,488,335,336,-1,-1,-1,-1,-1,-1,-1,-1,-1,-1,-1,-1,-1,-1
-1,-1,-1,-1,-1,-1,-1,485,486,487,488,-1,-1,-1,-1,-1,476,477,478,479,480,-1,-1,-1,-1,-1,-1,-1,-1,-1,521,522,523,524,371,362,-1,-1,-1,-1,-1,-1,-1,-1,-1,-1,-1,-1,-1,-1
-1,-1,-1,-1,-1,-1,-1,521,522,523,524,-1,-1,-1,-1,-1,512,513,514,515,516,-1,-1,-1,-1,-1,-1,-1,-1,-1,-1,404,405,406,407,408,-1,-1,-1,-1,-1,-1,-1,-1,-1,-1,-1,-1,-1,-1
-1,-1,-1,-1,-1,-1,-1,-1,-1,-1,-1,-1,-1,-1,-1,-1,-1,-1,-1,-1,-1,-1,-1,-1,-1,-1,-1,-1,-1,-1,-1,440,441,442,443,444,-1,-1,-1,-1,-1,-1,-1,-1,-1,-1,-1,-1,-1,-1
-1,-1,-1,-1,-1,-1,-1,-1,-1,-1,-1,-1,-1,-1,-1,-1,-1,-1,-1,-1,-1,-1,-1,-1,-1,-1,-1,-1,-1,-1,-1,476,477,478,479,480,-1,-1,-1,-1,-1,-1,-1,-1,-1,-1,-1,-1,-1,-1
-1,-1,-1,-1,-1,-1,-1,-1,-1,-1,-1,-1,-1,-1,-1,-1,-1,-1,-1,-1,-1,-1,-1,-1,-1,-1,-1,-1,-1,-1,-1,512,513,514,515,516,-1,-1,-1,-1,-1,-1,-1,-1,-1,-1,-1,-1,-1,-1
-1,-1,-1,-1,-1,-1,-1,-1,-1,-1,-1,-1,-1,-1,-1,-1,-1,-1,-1,-1,-1,-1,-1,-1,-1,-1,-1,-1,-1,-1,-1,-1,-1,-1,332,333,334,335,336,-1,-1,-1,-1,-1,-1,-1,-1,-1,-1,-1
-1,-1,-1,-1,-1,-1,-1,-1,-1,-1,-1,332,333,334,335,336,-1,-1,-1,-1,-1,-1,-1,-1,-1,-1,-1,-1,-1,-1,-1,-1,-1,-1,368,369,370,371,372,-1,-1,-1,-1,-1,-1,-1,-1,-1,-1,-1
-1,-1,-1,-1,-1,-1,-1,-1,-1,-1,-1,368,369,370,371,372,-1,-1,-1,-1,-1,-1,-1,-1,-1,-1,-1,-1,-1,-1,-1,-1,-1,-1,404,405,406,407,408,-1,-1,-1,-1,-1,-1,-1,-1,-1,-1,-1
-1,-1,-1,-1,-1,-1,-1,-1,-1,-1,-1,404,405,406,407,408,-1,-1,-1,-1,-1,-1,-1,-1,-1,-1,-1,-1,-1,-1,-1,-1,-1,-1,440,441,442,443,444,-1,-1,-1,-1,-1,-1,-1,-1,-1,-1,-1
-1,-1,-1,-1,-1,-1,-1,-1,-1,-1,-1,440,441,442,443,444,-1,-1,-1,-1,-1,-1,-1,-1,-1,-1,-1,-1,-1,-1,-1,-1,-1,-1,476,477,478,479,480,-1,-1,-1,-1,-1,-1,-1,-1,-1,-1,-1
-1,-1,-1,-1,-1,-1,-1,-1,-1,-1,-1,476,477,478,479,480,-1,-1,-1,-1,-1,-1,-1,-1,-1,-1,-1,-1,-1,-1,-1,-1,-1,-1,512,513,514,515,516,-1,-1,-1,-1,-1,-1,-1,-1,-1,-1,-1
-1,332,333,334,335,336,-1,-1,-1,-1,-1,512,513,514,515,516,332,333,334,335,336,-1,-1,-1,-1,-1,-1,-1,-1,332,333,334,335,336,-1,-1,-1,-1,-1,-1,-1,-1,-1,-1,-1,-1,-1,-1,-1,-1
-1,368,369,370,371,372,-1,-1,-1,-1,-1,-1,-1,-1,-1,-1,368,369,370,371,372,-1,-1,-1,-1,-1,-1,-1,-1,368,369,370,371,372,-1,563,564,-1,-1,-1,-1,-1,-1,-1,-1,-1,-1,-1,-1,-1
-1,404,405,406,407,408,-1,-1,-1,-1,-1,-1,-1,-1,-1,-1,404,405,406,407,408,-1,-1,341,342,343,344,-1,-1,404,405,406,407,408,-1,599,600,-1,-1,-1,-1,-1,-1,-1,-1,-1,-1,-1,-1,-1
-1,440,441,442,443,444,-1,-1,332,333,334,335,336,-1,-1,-1,440,441,442,443,444,-1,-1,377,378,379,380,-1,-1,440,441,442,443,444,563,564,-1,-1,-1,-1,-1,-1,-1,-1,-1,-1,-1,-1,-1,-1
-1,476,477,478,479,480,-1,-1,368,369,370,371,372,-1,-1,-1,476,477,478,479,480,-1,-1,413,414,415,416,-1,-1,476,477,478,479,480,599,600,-1,-1,-1,-1,-1,-1,-1,-1,-1,-1,-1,-1,-1,-1
-1,512,513,514,515,516,-1,-1,404,405,406,407,408,-1,-1,-1,512,513,514,515,516,344,-1,449,450,451,452,342,343,344,513,514,515,516,-1,-1,-1,-1,-1,-1,-1,-1,-1,-1,-1,-1,-1,-1,-1,-1
-1,-1,-1,-1,-1,-1,-1,-1,440,441,442,443,444,-1,-1,-1,-1,-1,377,378,379,380,-1,485,486,487,488,378,379,380,-1,-1,-1,-1,-1,-1,-1,-1,-1,-1,-1,-1,-1,-1,-1,-1,-1,-1,-1,-1
-1,-1,-1,-1,-1,-1,-1,-1,476,477,478,479,480,-1,-1,-1,-1,-1,413,414,415,416,-1,521,522,523,524,414,415,416,341,342,343,344,-1,-1,-1,-1,-1,-1,-1,-1,-1,-1,-1,-1,-1,-1,-1,-1
-1,-1,-1,-1,-1,-1,-1,-1,512,513,514,515,516,-1,-1,-1,-1,-1,449,450,451,452,-1,-1,-1,-1,449,450,451,452,377,378,379,380,-1,-1,-1,-1,-1,-1,-1,-1,-1,-1,-1,-1,-1,-1,-1,-1
-1,-1,-1,-1,-1,-1,-1,-1,-1,-1,-1,-1,-1,-1,-1,-1,-1,-1,485,486,487,488,-1,-1,-1,-1,485,486,487,488,413,414,415,416,-1,-1,-1,-1,-1,-1,-1,-1,-1,-1,-1,-1,-1,-1,-1,-1
-1,-1,-1,-1,-1,-1,-1,-1,-1,-1,-1,-1,341,342,343,344,-1,-1,521,522,523,524,-1,-1,-1,-1,521,522,523,524,449,450,451,452,-1,-1,-1,-1,-1,-1,-1,-1,-1,-1,-1,332,333,334,335,336
-1,565,566,567,568,-1,-1,-1,-1,-1,-1,-1,377,378,379,380,-1,-1,-1,-1,-1,-1,-1,-1,-1,-1,-1,-1,-1,-1,485,486,487,488,-1,-1,-1,-1,-1,-1,-1,-1,-1,-1,-1,368,369,370,371,372
-1,601,602,603,604,-1,-1,-1,-1,-1,-1,-1,413,414,415,416,-1,-1,-1,-1,-1,-1,-1,-1,-1,-1,-1,-1,-1,-1,521,522,523,524,-1,-1,-1,-1,-1,-1,-1,-1,-1,-1,-1,404,405,406,407,408
-1,637,638,639,640,-1,-1,-1,-1,-1,-1,-1,449,450,451,452,-1,-1,-1,-1,-1,-1,-1,-1,-1,-1,-1,-1,-1,-1,-1,-1,341,342,343,344,-1,-1,-1,-1,-1,-1,-1,-1,-1,440,441,442,443,444
-1,673,674,675,676,-1,-1,-1,-1,-1,-1,-1,485,486,487,488,-1,-1,-1,-1,-1,-1,-1,-1,-1,-1,-1,-1,-1,-1,-1,-1,377,378,379,380,-1,-1,-1,332,333,334,335,336,-1,476,477,478,479,480
-1,-1,-1,-1,-1,-1,-1,-1,-1,-1,-1,-1,521,522,523,524,-1,-1,-1,-1,-1,-1,-1,-1,-1,-1,-1,-1,-1,-1,-1,-1,413,414,415,416,-1,-1,-1,368,369,370,371,372,-1,512,513,514,515,516
-1,-1,-1,-1,-1,-1,-1,-1,-1,-1,-1,-1,-1,-1,-1,-1,-1,-1,-1,-1,-1,-1,-1,-1,-1,-1,-1,-1,-1,-1,-1,-1,449,450,451,452,-1,-1,-1,404,405,406,407,408,-1,-1,-1,-1,-1,-1
-1,-1,-1,-1,-1,-1,-1,-1,-1,-1,-1,-1,-1,-1,-1,-1,-1,-1,-1,-1,-1,-1,-1,-1,-1,-1,-1,-1,-1,-1,-1,-1,485,486,487,488,-1,-1,-1,440,441,442,443,444,-1,-1,-1,-1,-1,-1
-1,-1,-1,-1,-1,-1,-1,-1,-1,-1,-1,-1,-1,-1,-1,-1,-1,-1,-1,-1,-1,-1,-1,-1,-1,-1,-1,-1,-1,-1,-1,-1,521,522,523,524,336,-1,-1,476,477,478,479,480,-1,-1,-1,-1,-1,-1
-1,-1,-1,-1,-1,-1,-1,-1,-1,-1,-1,-1,-1,-1,-1,-1,-1,-1,-1,-1,-1,-1,-1,-1,-1,-1,-1,-1,-1,-1,-1,-1,368,369,370,371,372,-1,-1,512,513,514,515,516,-1,-1,-1,-1,-1,-1
-1,-1,-1,-1,-1,-1,-1,-1,-1,-1,-1,332,333,334,335,336,-1,-1,-1,-1,-1,-1,-1,-1,-1,-1,-1,-1,-1,-1,-1,-1,404,405,406,407,408,-1,-1,-1,-1,-1,332,333,334,335,336,-1,-1,-1
-1,-1,-1,-1,-1,-1,-1,-1,-1,-1,-1,368,369,370,371,372,-1,-1,-1,-1,-1,-1,-1,-1,-1,-1,-1,-1,-1,-1,-1,-1,440,441,442,443,444,-1,-1,-1,-1,-1,368,369,370,371,372,-1,-1,-1
-1,-1,-1,-1,-1,-1,-1,-1,-1,-1,-1,404,405,406,407,408,-1,-1,-1,-1,-1,-1,-1,-1,-1,-1,-1,-1,-1,-1,-1,-1,476,477,478,479,480,-1,-1,-1,-1,-1,404,405,406,407,408,-1,-1,-1
-1,-1,-1,-1,-1,-1,-1,-1,-1,-1,-1,440,441,442,443,444,-1,-1,-1,-1,-1,-1,-1,-1,-1,-1,-1,-1,-1,-1,-1,-1,512,513,514,515,516,-1,-1,-1,-1,-1,440,441,442,443,444,-1,-1,-1
-1,-1,-1,-1,-1,-1,-1,-1,-1,-1,-1,476,477,478,479,480,333,334,335,336,-1,-1,-1,-1,-1,-1,-1,-1,-1,332,333,334,335,336,-1,-1,-1,-1,-1,-1,-1,-1,476,477,478,479,480,-1,-1,-1
-1,-1,-1,-1,-1,-1,-1,-1,-1,-1,-1,512,513,514,515,516,369,370,371,372,-1,-1,-1,-1,-1,-1,-1,-1,-1,368,369,370,371,372,-1,-1,-1,-1,-1,-1,-1,-1,512,513,514,515,516,-1,-1,-1
-1,-1,-1,-1,-1,-1,-1,-1,-1,-1,-1,-1,-1,-1,-1,404,405,406,407,408,-1,-1,-1,-1,-1,-1,-1,-1,-1,404,405,406,407,408,-1,-1,-1,-1,-1,-1,-1,-1,-1,-1,-1,-1,-1,-1,-1,-1
-1,-1,-1,-1,-1,-1,-1,-1,-1,-1,-1,-1,-1,-1,-1,440,441,442,443,444,-1,-1,-1,-1,-1,-1,-1,-1,-1,440,441,442,443,444,-1,-1,-1,-1,-1,-1,-1,-1,-1,-1,-1,-1,-1,-1,-1,-1
-1,-1,-1,-1,-1,-1,-1,-1,-1,-1,-1,-1,-1,-1,-1,476,477,478,479,480,-1,-1,-1,-1,-1,-1,-1,-1,-1,476,477,478,479,480,-1,-1,-1,-1,-1,-1,-1,-1,-1,-1,-1,-1,-1,-1,-1,-1
-1,-1,-1,-1,-1,-1,-1,-1,-1,-1,-1,-1,-1,-1,-1,512,513,514,515,516,-1,-1,-1,-1,-1,-1,-1,-1,-1,512,513,514,515,516,-1,-1,-1,-1,-1,-1,-1,-1,-1,-1,-1,-1,-1,-1,-1,-1
